altitude	pente	distance_horizontale_hydro	distance_verticale_hydro	distance_horizontale_route	ombrage_0900	ombrage_1200	ombrage_1500	distance_horizontale_depart_feu	zone_A
2913	12	240	-24	5468	211	215	139	3846	1
2543	4	242	30	642	224	231	142	5415	1
2831	22	135	41	4484	249	222	89	4943	1
2627	10	300	18	973	231	221	123	5562	1
2706	5	339	21	1827	228	233	140	6108	1
2617	10	201	27	1060	224	219	129	5387	1
2772	10	30	0	4140	209	219	148	5356	1
2737	4	150	30	2187	216	231	153	6281	1
2871	22	162	70	4563	162	211	187	5008	1
2583	11	108	25	1233	205	219	150	4971	1
3080	10	60	7	6926	218	218	134	2751	1
3129	12	124	16	6935	232	243	140	2367	1
2559	9	120	29	1430	235	234	130	4656	1
2731	6	351	42	2190	231	235	139	5749	1
2913	17	503	121	4488	197	204	141	5262	1
2936	11	404	135	4668	213	217	140	5098	1
2818	3	175	30	3208	219	241	159	6565	1
2724	7	319	35	2185	221	224	139	5622	1
3109	7	210	0	6633	234	233	133	2664	1
2959	18	350	119	5778	240	205	90	4241	1
2840	11	67	9	3654	204	220	153	6483	1
2725	21	30	9	2554	246	228	100	5396	1
2713	10	256	28	2255	196	228	171	4965	1
3080	13	297	46	5961	203	252	184	2174	1
3073	6	666	39	6263	203	239	175	3127	1
2791	6	30	0	3369	218	245	163	6041	1
3162	18	361	98	4803	248	221	95	1710	1
2678	22	402	-48	1376	220	188	95	4028	1
3129	14	361	85	4768	221	212	124	1867	1
3057	9	633	-60	6012	231	223	124	3013	1
3074	9	690	39	6292	199	227	167	3523	1
2764	6	241	31	2850	228	229	136	5229	1
3034	20	488	167	6452	249	216	86	3854	1
2988	15	234	39	5626	198	253	189	2423	1
2730	11	90	3	2725	238	234	124	4894	1
2526	9	360	0	576	235	231	129	3503	1
3231	2	577	63	4187	214	237	161	1866	1
2721	4	212	24	2320	223	231	144	4502	1
2568	13	175	42	742	234	214	110	3468	1
3092	24	379	128	4946	216	180	87	2455	1
2742	12	30	6	2884	240	224	111	4902	1
2525	11	150	4	474	233	219	117	3314	1
2955	15	85	10	5286	239	210	99	2605	1
2711	6	182	19	1832	209	245	173	4073	1
2942	4	0	0	5249	222	230	144	2724	1
2972	10	247	50	5411	229	244	145	2981	1
2744	8	108	21	2640	229	225	129	4620	1
2880	13	67	3	4208	242	221	108	6172	1
3208	11	990	190	4129	210	217	143	2324	1
3104	19	170	21	4882	230	197	94	2813	1
2733	10	67	6	2495	216	217	136	4410	1
3224	8	949	49	4152	197	237	180	2408	1
2899	21	256	71	3486	221	193	100	5202	1
2649	27	68	24	1113	245	181	47	3303	1
2991	11	470	65	4887	237	237	129	6242	1
3136	14	60	1	4707	207	209	137	3062	1
2814	14	95	-3	2979	219	208	120	4600	1
2800	6	0	0	2861	223	226	138	4497	1
3175	7	218	-5	4351	230	228	130	2940	1
2606	15	469	39	674	239	213	100	2772	1
2575	14	503	56	467	228	208	111	2631	1
2998	8	437	112	6176	212	248	172	5191	1
3021	6	983	102	5532	230	233	136	5824	1
2595	14	470	76	540	219	207	121	2609	1
2942	12	124	46	5961	188	230	182	4956	1
2936	6	150	23	5155	211	246	172	4040	1
2959	5	362	62	3985	206	236	168	5401	1
2754	1	90	-1	2287	216	239	161	3869	1
3208	10	454	33	4010	235	223	119	2998	1
2972	13	360	47	5138	236	215	107	6478	1
2939	3	30	7	4799	212	239	165	6121	1
2841	8	95	6	3005	230	226	129	4442	1
2600	26	242	59	497	236	235	112	2382	1
3139	16	600	10	4440	246	221	98	3544	1
2916	6	212	20	5424	230	237	140	4672	1
2909	12	60	13	3755	238	223	115	5082	1
2765	2	162	13	2089	222	235	149	3545	1
2975	9	785	79	6048	213	248	171	5660	1
2717	14	531	33	1290	223	210	118	2739	1
2768	9	497	51	1594	235	231	128	2850	1
3152	8	721	-11	4118	227	223	130	3866	1
2793	5	240	41	1860	228	235	141	3054	1
2969	6	633	75	6096	214	246	168	6004	1
3234	10	228	13	3668	236	225	120	3748	1
3178	8	631	3	3886	199	234	174	4101	1
3011	13	351	39	5341	242	226	109	6346	1
2942	5	444	49	5887	210	243	171	6032	1
3021	15	361	112	4395	227	206	108	4659	1
2939	7	424	46	5867	208	247	176	6052	1
2848	13	451	15	2761	217	210	126	3649	1
3142	13	503	-15	4079	221	210	122	4479	1
2795	9	457	-4	1765	220	219	134	2636	1
3201	2	437	26	3779	221	239	154	4279	1
2959	11	446	63	5928	198	249	189	6266	1
2826	10	175	34	2403	229	221	124	3226	1
2972	11	323	69	4405	232	218	118	4908	1
2844	11	257	52	2484	220	217	130	3259	1
2646	20	376	-9	1150	187	199	146	1570	1
2972	10	67	8	4832	193	233	179	5610	1
2991	8	216	42	4287	230	240	142	5176	1
3142	14	192	13	3773	234	211	106	4825	1
2991	6	247	27	5086	220	226	142	5723	1
3109	18	95	16	3670	224	248	150	5075	1
2822	10	170	11	2385	232	221	121	2707	1
2898	8	330	18	3663	219	248	162	3882	1
3100	6	0	0	3113	231	231	133	5391	1
3034	6	516	43	5527	226	228	136	5316	1
3004	10	693	108	5837	193	243	189	5455	1
3070	15	42	6	3139	224	248	153	5655	1
3070	14	67	7	3158	214	252	169	5666	1
3054	17	60	0	3169	230	245	141	5752	1
2985	7	30	0	5207	231	237	139	4919	1
2771	6	153	19	2370	215	247	168	1613	1
2875	8	30	2	3608	214	223	145	3548	1
2876	5	153	17	3483	216	230	152	3303	1
2988	2	180	16	5006	222	234	149	4677	1
2570	10	306	60	750	237	234	126	85	1
2998	16	124	30	3267	238	208	96	6157	1
3073	8	240	26	2970	225	223	132	6082	1
2913	6	90	-4	3894	230	236	140	6286	1
2545	23	42	14	870	245	228	99	277	1
2679	19	255	30	1470	244	232	108	725	1
2731	7	234	18	2188	221	246	159	1528	1
2731	12	85	18	2469	215	250	168	1888	1
3024	5	297	49	5009	220	228	144	3747	1
2890	7	525	62	3589	231	237	139	3144	1
2658	15	30	2	1959	242	233	115	1631	1
2631	18	150	37	1440	176	215	178	1168	1
2998	9	247	20	3114	206	223	154	6099	1
2540	9	255	34	285	226	221	129	1307	1
2987	12	30	0	4890	222	214	126	3252	1
3003	9	433	2	3254	219	220	136	5709	1
3057	8	722	58	5690	204	244	179	3489	1
2696	6	566	80	1103	227	230	137	1436	1
2747	8	351	60	1989	215	223	145	2044	1
2767	2	0	0	3380	223	235	148	3049	1
2998	7	212	-1	3413	203	232	168	5451	1
3031	9	297	32	5171	236	231	126	3143	1
2710	6	532	-4	1245	213	228	153	1600	1
3018	13	404	19	5226	233	242	138	3081	1
2736	6	430	20	1574	228	229	136	1902	1
2800	8	30	3	3331	211	225	152	2794	1
3003	12	67	0	3502	200	219	157	5181	1
2872	22	270	102	3630	217	185	92	2703	1
2727	5	162	11	1290	225	230	139	1959	1
3001	12	592	92	5790	216	250	167	3087	1
2946	16	371	153	3694	230	207	107	2457	1
3053	13	402	38	3612	241	231	116	4901	1
2955	9	285	38	5295	234	238	135	2538	1
2827	8	319	26	2530	231	239	140	2664	1
2642	9	180	-3	474	208	223	152	1489	1
2988	10	283	16	4290	218	218	135	4075	1
2952	12	433	46	5696	224	247	154	2629	1
2629	35	85	27	1009	137	161	148	2348	1
2646	5	30	-4	573	214	229	152	1492	1
2611	15	0	0	1317	227	207	109	2486	1
2992	7	443	75	4532	231	238	140	1907	1
2677	13	0	0	1168	183	231	188	2536	1
2952	9	234	10	4555	235	225	121	3483	1
2700	25	67	25	1410	156	198	176	2679	1
2766	22	95	23	2820	247	200	71	2148	1
2736	12	42	-3	1674	195	220	164	2866	1
3182	9	342	40	2997	232	223	124	4943	1
2939	22	175	64	4200	212	251	162	1500	1
2703	25	108	40	2192	151	203	187	2502	1
2995	16	659	79	5604	182	218	174	1748	1
2969	27	190	-5	5067	149	194	178	1332	1
2748	14	60	9	3569	189	217	166	1318	1
2998	17	170	38	4737	191	209	156	1036	1
3140	12	447	23	3644	237	221	112	3718	1
2876	26	390	160	3155	164	189	156	1597	1
2991	15	201	6	4582	225	206	111	2732	1
2700	22	150	50	1104	212	187	102	2059	1
2877	13	256	53	2405	229	213	115	2247	1
3126	17	362	13	4023	213	200	118	3202	1
2828	13	361	93	1772	229	211	113	2713	1
3211	9	513	69	2903	231	222	124	4340	1
3028	6	342	59	5204	225	240	150	960	1
2738	12	300	97	1250	230	214	115	2190	1
2854	12	376	49	2166	233	215	112	2730	1
3093	8	30	0	4031	231	225	127	2910	1
3172	10	330	59	3717	215	219	140	3323	1
3182	10	421	69	3635	206	222	154	3409	1
2974	15	384	62	3419	235	242	135	1191	1
2972	20	67	11	5125	245	203	79	577	1
2951	14	212	43	3907	216	251	167	752	1
2869	21	0	0	4189	162	236	213	631	1
2874	9	0	0	3048	197	232	175	1738	1
3080	21	285	-31	3922	245	230	104	2763	1
3149	11	450	49	3354	223	217	127	3331	1
2723	11	108	-6	1061	216	215	134	1723	1
2840	9	175	30	2288	202	225	161	2805	1
2735	18	67	5	1133	219	250	157	1698	1
2983	12	67	11	3745	199	223	162	1019	1
2761	4	85	9	1939	216	244	164	2609	1
2538	6	162	5	671	229	234	138	930	1
2956	26	268	109	5419	211	249	156	604	1
3113	17	134	23	3474	247	219	96	3015	1
2772	8	228	23	1872	232	238	138	2363	1
2684	8	324	0	706	229	224	130	1026	1
3162	16	150	30	3027	241	235	119	3479	1
2874	21	67	23	5442	228	244	137	637	1
3129	13	60	3	3198	239	237	125	3246	1
2914	11	283	83	4999	205	218	149	495	1
3000	4	162	9	4065	227	238	146	780	1
2926	15	335	93	4971	178	231	194	451	1
2778	1	182	15	1657	215	237	159	1908	1
2722	2	571	105	1071	222	235	150	824	1
2962	13	108	30	4357	241	224	110	1900	1
2744	9	285	1	1307	225	221	130	1233	1
2958	8	319	45	3565	234	229	127	1633	1
2754	7	418	21	1301	206	230	162	1101	1
2938	13	201	32	3479	239	236	124	1664	1
2801	15	85	20	1944	180	222	181	2032	1
2673	17	228	49	1236	232	203	99	426	1
3004	19	127	36	3872	248	225	97	2384	1
2979	9	30	12	4236	199	230	171	1103	1
3081	14	170	35	4823	234	213	108	552	1
2975	7	0	0	3845	227	225	132	2416	1
2830	10	192	32	1953	224	219	129	1801	1
3014	5	277	48	4188	210	233	162	1230	1
3005	10	61	11	4390	196	229	173	1173	1
2565	15	301	41	815	209	207	133	450	1
2936	25	210	50	5101	149	243	228	1416	1
2894	0	67	0	3274	217	237	157	1972	1
2939	20	134	50	5595	230	194	88	1233	1
3132	10	134	23	2785	233	223	121	3471	1
3074	8	30	-5	3141	220	222	137	3140	1
2929	13	216	15	4624	237	217	107	1913	1
3115	10	212	36	5028	232	221	120	1062	1
3173	5	713	262	5455	215	245	167	1112	1
2987	7	268	73	3515	212	227	152	1994	1
3050	13	420	126	4320	236	216	110	2250	1
3009	5	31	1	3986	209	233	162	1165	1
3077	16	553	27	3607	188	210	159	2808	1
3080	19	660	156	4079	199	198	132	2440	1
3048	10	446	68	4606	214	219	140	630	1
3005	20	330	76	5865	160	231	209	1376	1
3167	5	552	59	5521	206	238	171	1289	1
2980	7	30	0	3799	216	225	146	1651	1
2749	3	42	0	1943	223	239	151	914	1
2837	18	85	18	2646	238	240	124	2051	1
2633	9	42	-5	1114	232	224	124	787	1
2932	11	175	39	3467	238	225	117	2289	1
2766	11	108	0	2133	216	217	135	1103	1
2995	5	277	25	3855	220	230	147	1812	1
2852	15	96	21	2787	240	218	105	2195	1
2758	4	150	3	2016	220	232	149	1045	1
3002	10	201	17	4013	227	218	124	1484	1
3098	23	570	169	5871	153	240	223	1507	1
2850	12	128	13	2896	222	248	158	2285	1
2958	15	216	38	3723	244	220	102	2058	1
2786	7	277	16	2134	207	230	161	1284	1
2985	18	30	7	4474	244	206	86	2557	1
2965	13	108	6	4683	196	217	159	2440	1
2816	8	313	21	2430	231	226	129	1549	1
2717	10	258	-5	1381	236	226	120	1140	1
3167	3	604	59	5883	210	238	166	1200	1
3042	9	85	7	4729	234	226	124	661	1
2845	7	0	0	3272	210	227	157	2542	1
2631	22	336	87	1050	233	188	76	1324	1
3113	15	85	20	5216	243	216	99	134	1
2955	11	295	80	3711	237	225	117	2526	1
2877	18	108	20	3496	248	218	92	2821	1
2969	7	277	15	4982	219	226	143	2522	1
2972	6	210	18	5044	210	230	159	2538	1
2885	7	283	61	2916	233	234	135	2164	1
2724	14	537	54	1342	227	210	115	1500	1
2815	13	124	22	2181	194	220	165	1758	1
3132	5	240	22	5284	210	233	161	484	1
3080	5	234	-3	4964	224	230	142	1033	1
2884	11	1	0	3799	239	228	119	2708	1
3010	15	492	43	4759	235	210	103	1405	1
2986	15	108	19	4970	244	221	102	2753	1
2734	8	323	41	1471	231	228	130	1770	1
2974	14	120	22	4204	226	247	150	2250	1
2925	18	60	16	3827	179	209	167	2634	1
3088	4	313	4	5120	222	231	145	1273	1
2974	12	124	-3	5210	225	215	123	2618	1
2701	15	30	-5	1315	240	212	98	2078	1
2977	4	30	5	5543	213	233	158	2215	1
2958	5	30	0	4329	207	242	173	2160	1
2888	11	382	35	2375	192	227	174	2573	1
2908	13	240	58	2774	201	215	150	2621	1
2665	10	228	-33	1103	233	223	121	2249	1
3097	17	446	77	4983	208	204	129	1637	1
2983	19	170	51	3718	246	211	88	2754	1
3221	9	603	77	6340	217	220	139	1339	1
2824	9	85	2	1333	221	220	133	2575	1
2765	9	339	0	955	234	227	124	2553	1
2953	8	192	14	2358	228	225	131	2191	1
3013	3	0	0	4993	218	232	151	2688	1
3077	10	212	54	4436	192	232	179	2315	1
3097	18	192	18	5143	246	227	103	1950	1
3069	17	259	45	4273	247	220	96	2527	1
2735	8	420	54	488	228	224	129	2758	1
2769	18	424	52	618	242	206	88	2610	1
2967	5	150	-1	2293	227	232	139	1831	1
2761	17	361	44	564	240	208	93	2588	1
2792	6	371	59	693	229	230	135	2462	1
2804	11	331	2	794	239	232	121	2338	1
3182	19	484	115	5966	168	244	214	2032	1
3078	7	0	0	4801	206	230	162	2355	1
2909	4	134	0	1413	219	230	147	1920	1
3241	15	655	175	6112	190	251	197	2042	1
2754	17	124	21	510	235	241	130	2424	1
3276	4	722	128	6210	225	238	148	2072	1
3086	12	242	39	4471	241	223	110	2605	1
3080	16	175	17	4682	242	213	97	2951	1
2737	6	1	0	626	230	232	136	2240	1
2927	8	175	18	1634	234	228	126	1558	1
3062	7	0	0	4239	208	230	161	2305	1
3102	12	324	44	5001	212	217	140	2809	1
3102	13	170	32	5563	187	246	198	2543	1
2843	9	67	0	1215	214	220	141	1676	1
2956	9	272	2	1885	232	223	123	1249	1
3067	4	30	0	3691	214	233	157	1725	1
3131	16	404	71	4935	208	205	130	2914	1
3114	8	234	47	5143	219	224	141	2908	1
3031	5	210	22	2374	223	232	145	932	1
2979	16	242	53	2163	246	219	97	920	1
3099	8	42	3	4386	213	225	149	3395	1
3148	16	371	79	5006	212	203	123	3053	1
2812	19	471	123	484	232	196	89	2501	1
3185	7	306	33	4801	201	237	175	2460	1
3045	4	192	0	2602	228	236	144	666	1
3028	14	256	-3	2490	242	231	115	661	1
2938	13	272	12	1581	185	233	188	1240	1
3122	6	212	10	3763	210	230	158	1423	1
2876	7	30	0	1188	201	233	171	1699	1
3139	18	124	24	4313	217	197	110	3565	1
3132	7	201	32	5193	223	225	138	3304	1
3163	16	379	69	5015	226	202	105	3331	1
3208	18	313	83	4106	232	201	95	3721	1
3173	19	277	58	5759	177	251	209	3155	1
3183	5	242	7	4906	206	242	175	2423	1
3151	5	343	15	4442	224	229	141	1949	1
2915	22	150	11	1429	213	190	105	1559	1
3115	12	360	10	3688	231	244	144	1100	1
2930	12	0	0	1716	210	214	139	1273	1
3098	14	170	-3	3856	243	228	111	1201	1
3011	14	170	42	2320	243	229	111	663	1
3016	14	450	15	2787	180	237	197	170	1
3173	13	256	58	5234	212	213	136	2701	1
3101	2	108	0	4120	222	236	150	1392	1
3245	11	510	129	4978	233	222	121	2676	1
3101	12	212	16	3813	194	221	165	994	1
3034	11	67	11	2023	222	215	127	1415	1
3137	7	319	35	4682	230	228	131	1908	1
2934	6	60	5	1031	229	238	143	2310	1
3189	10	319	14	5113	237	228	122	2337	1
3104	3	67	9	4328	224	238	149	1477	1
3104	2	60	9	4369	223	238	151	1493	1
3253	5	553	10	4295	220	229	147	2513	1
3239	4	384	18	4482	226	239	147	2270	1
3275	12	395	-7	4079	240	224	111	2455	1
3184	3	450	89	5074	219	232	149	2101	1
3201	3	323	30	5997	215	242	165	1917	1
3061	7	60	4	3612	206	230	162	361	1
3035	9	201	35	2642	197	241	184	845	1
2899	12	240	22	579	212	213	137	1739	1
3197	2	247	26	5922	213	240	166	1842	1
3200	3	335	18	6009	211	241	167	1869	1
3174	3	404	13	4248	225	236	146	972	1
3114	7	201	23	2429	225	226	135	1110	1
3021	20	86	22	1626	189	198	143	2048	1
3201	8	67	7	5961	204	246	180	1503	1
3066	14	150	18	3886	243	226	109	417	1
3250	10	95	4	4270	209	220	148	1706	1
2950	15	524	5	741	241	214	99	1873	1
3105	8	127	3	2349	225	223	132	1368	1
3080	15	190	3	2135	181	222	180	1645	1
3273	12	247	64	4937	192	247	193	1129	1
3141	6	247	21	2919	220	227	142	890	1
3091	7	120	14	2106	228	226	132	1719	1
3224	5	30	0	5883	208	242	173	1443	1
3167	12	150	11	4805	235	240	133	1333	1
3077	8	0	0	2039	199	235	175	1860	1
3261	16	552	49	5466	242	234	117	1482	1
3257	16	60	21	4554	240	210	95	1158	1
3239	6	0	0	4607	228	228	135	1099	1
3123	26	150	61	4089	169	183	143	808	1
3238	10	256	13	5901	193	244	191	1248	1
3161	7	335	30	3194	203	243	180	942	1
3232	8	306	8	5960	200	242	183	1184	1
3072	9	0	0	3810	218	221	138	786	1
2886	22	67	-6	430	224	186	86	1772	1
3136	6	324	31	3436	204	241	176	875	1
3133	5	258	32	3503	207	241	173	882	1
3106	31	30	17	3900	214	156	55	883	1
3489	17	319	107	3620	183	214	169	1722	1
3230	11	212	17	5750	231	242	141	1138	1
3253	38	175	172	4047	193	132	45	997	1
3185	5	323	-27	3180	205	237	171	1182	1
3119	9	0	0	2324	215	221	142	1910	1
3118	19	151	31	5104	214	196	112	1445	1
2962	12	242	22	731	229	214	116	2106	1
3137	8	150	26	2227	211	224	149	2084	1
3210	6	61	-1	5920	230	232	136	854	1
3193	16	216	0	5243	232	207	102	1249	1
3210	9	120	5	5901	219	221	138	765	1
3209	6	68	-8	3319	204	240	175	1504	1
2968	8	162	38	721	228	223	128	2308	1
3268	7	362	16	6271	232	236	137	541	1
3218	25	190	83	3971	242	187	61	1410	1
3043	7	0	0	1530	232	235	136	2868	1
3237	10	300	94	4669	192	233	182	949	1
3281	11	61	7	5284	232	219	117	216	1
3295	5	351	31	5914	224	229	140	443	1
3229	9	30	3	6041	212	221	146	430	1
3240	7	365	26	4686	223	244	155	726	1
3173	8	271	33	1981	226	224	132	3027	1
3208	2	30	0	5192	221	234	150	518	1
3307	3	108	0	5460	217	233	153	604	1
3222	1	218	-6	4669	218	239	158	674	1
3018	4	85	5	942	209	237	167	2458	1
3276	16	300	59	3456	179	246	205	1850	1
3272	10	382	63	5369	224	219	128	417	1
3282	6	360	59	5414	221	227	142	485	1
2753	12	30	10	1275	220	215	127	2092	0
3296	11	390	85	5098	213	216	138	247	1
2810	9	270	13	1595	205	223	155	2269	0
3318	21	108	47	5785	230	192	85	711	1
3040	8	42	0	1142	221	223	137	2120	1
3234	11	30	6	4520	196	226	170	470	1
3245	11	120	0	4458	192	228	176	552	1
3382	12	430	114	5102	206	215	145	541	1
2805	18	61	17	1468	190	205	150	2382	0
3236	13	150	31	3103	216	211	129	2304	1
2863	16	95	44	1657	206	205	133	2520	0
3251	8	0	0	3408	214	223	145	2030	1
2895	26	60	8	1768	151	197	181	2686	0
2962	19	210	75	1936	173	212	177	2724	0
3348	7	447	58	3554	214	226	148	1605	1
3278	11	60	14	3247	191	231	180	2126	1
2972	21	330	128	1839	173	202	166	2806	0
2982	17	258	72	1655	182	212	167	2568	0
3073	5	150	8	1565	208	232	163	1676	1
2575	23	350	104	1050	192	187	125	1665	0
2931	21	495	152	805	249	206	76	1224	1
2614	17	335	134	1140	222	201	108	1756	0
2779	9	60	0	424	216	222	142	912	1
3188	14	90	-2	2348	179	236	197	2356	1
3017	8	659	107	2186	225	244	153	2568	0
3148	16	108	16	2223	246	222	99	2123	1
2693	25	531	194	899	190	179	116	655	0
3173	19	120	-20	2160	249	222	93	2192	1
2983	11	323	69	1724	230	244	144	2825	0
2829	22	108	24	1415	220	249	151	2117	0
3164	12	90	-13	1907	190	229	179	1860	1
2674	31	127	51	1120	122	223	234	900	0
2556	35	43	16	1631	253	169	0	1500	0
2970	13	418	49	2110	218	250	163	2100	0
3320	9	216	53	3282	194	234	180	1775	1
3267	12	67	9	2174	192	224	171	2703	1
2902	5	30	0	1333	207	235	168	2467	0
2917	8	108	35	1216	203	229	165	2395	0
2706	26	216	109	1231	165	186	153	780	0
2949	4	256	22	1947	208	239	170	1968	0
2811	3	361	116	1290	223	233	146	662	0
2891	18	607	70	1302	176	215	178	953	0
2973	22	430	146	1130	250	219	84	540	1
2652	34	95	44	1485	126	239	238	1150	0
2793	17	30	1	1129	194	206	146	1806	0
2823	24	400	128	900	187	183	124	218	0
2844	16	499	149	878	202	205	138	300	0
2862	18	488	-35	824	202	199	129	295	0
2680	13	108	20	1256	238	220	110	819	0
2960	19	150	11	484	235	199	89	1687	0
2925	19	30	7	480	222	196	102	1680	0
3031	11	234	43	849	205	220	150	1838	0
2782	21	42	13	1087	212	189	104	1471	0
2935	17	85	22	430	181	216	174	1622	0
2875	20	67	16	768	178	205	163	1811	0
2957	14	600	-26	849	217	208	123	571	0
2807	31	216	117	1655	155	249	217	1590	0
2837	24	42	11	1016	233	184	71	1560	0
2900	13	85	-5	2039	195	250	193	1131	0
2755	29	151	58	1104	253	187	40	1187	0
2885	11	480	188	811	228	217	121	912	0
3300	9	492	73	3818	220	248	161	2413	1
3312	18	300	91	2022	186	253	201	3216	1
3266	26	865	385	1249	246	224	90	2782	1
2866	20	360	168	830	231	193	87	1061	0
2721	24	108	45	2016	146	232	222	108	0
2887	21	162	4	323	247	227	98	1613	1
2853	36	474	98	1233	175	141	80	1020	0
2792	12	175	22	182	213	214	136	1048	1
3311	26	488	89	1776	190	253	187	3511	1
2909	12	417	45	2268	218	250	164	601	0
2748	20	128	-42	127	200	193	124	350	1
3264	9	391	88	3293	224	247	155	2975	1
2743	17	95	31	1888	247	218	93	268	0
3264	25	540	43	1718	196	253	179	3520	1
2790	15	0	0	90	245	225	104	1413	1
3024	18	162	42	182	172	219	186	1431	0
2965	14	408	91	759	193	216	160	1779	0
2824	21	242	102	2352	159	240	218	376	0
2730	14	30	6	1973	235	212	104	297	0
3232	13	201	34	3666	216	252	168	2879	1
2925	6	534	40	1530	231	233	135	1082	0
2889	11	42	8	571	238	234	124	2502	1
3056	7	60	0	2552	223	245	156	3705	1
3040	17	335	115	1392	240	237	121	3331	1
3043	19	335	66	1634	217	251	159	3572	1
2831	12	60	2	1342	215	214	134	918	0
2828	13	30	7	2130	185	231	186	1026	0
2898	6	0	0	1233	209	230	159	537	0
2856	11	108	16	2040	191	242	191	1106	0
2992	6	30	0	2165	227	240	146	4103	1
2986	3	0	0	2096	223	232	146	4030	1
3136	20	42	6	3019	179	203	159	3889	1
3071	33	247	85	2220	184	156	91	4140	1
2986	11	201	10	1521	213	217	139	661	0
2871	24	150	64	150	252	203	66	1061	1
3205	5	30	0	3261	223	229	142	4039	1
2867	29	240	61	2632	192	163	92	955	0
3253	34	85	29	1296	118	231	241	2539	1
3016	21	603	-87	633	249	206	75	1650	1
3017	5	485	189	2872	209	233	162	649	0
2966	26	443	-106	488	246	187	54	1519	1
2959	7	42	6	1215	201	240	177	351	0
3279	10	350	76	1613	210	219	146	2994	1
3043	13	108	2	1956	184	233	189	3424	1
2967	14	175	22	1648	180	238	198	60	0
2986	29	85	39	2758	127	224	230	192	0
3045	25	182	-11	618	251	196	58	1739	1
3040	7	277	56	3017	230	240	142	450	0
3184	30	216	41	2093	135	240	235	3186	1
3295	28	469	74	1974	137	238	233	3245	1
3331	27	484	49	2012	136	230	228	3202	1
2940	13	30	0	1978	188	246	198	534	0
2964	10	190	35	618	236	224	119	2292	0
2950	14	42	1	2379	235	213	106	1879	0
3075	23	170	33	3035	252	211	74	2743	1
3153	13	360	82	366	236	216	109	824	0
2948	10	182	15	2206	220	218	132	525	0
2997	6	268	19	2881	204	240	175	638	0
3188	16	42	12	1500	244	221	102	2730	1
2928	25	256	131	268	235	181	64	1466	1
3008	20	330	68	1559	173	207	171	789	0
3068	13	30	11	3066	187	223	175	2490	1
2950	22	335	150	350	238	191	74	1405	1
2994	13	95	23	2766	185	245	199	792	0
3016	8	0	0	782	217	247	165	443	0
3392	23	272	99	2489	181	191	142	2512	1
3037	10	212	38	3056	231	220	120	1482	0
3217	13	531	115	497	239	219	108	864	0
3368	44	151	50	2918	66	177	230	2336	1
2833	12	30	-4	1129	234	241	136	2347	0
3326	22	319	62	4012	242	233	108	2496	1
3010	13	0	0	2850	184	241	196	993	0
3093	11	190	33	3362	191	230	179	2193	1
3302	32	0	0	3087	119	196	208	2219	1
3035	10	0	0	878	229	221	124	201	0
2810	16	443	78	134	173	237	204	1883	0
3479	32	162	45	2837	118	226	238	2250	1
3146	19	151	44	1194	165	223	197	2163	1
3039	17	240	93	2550	177	220	182	1057	0
2989	17	150	28	1230	212	203	124	960	0
2964	18	150	18	1302	218	197	107	1290	0
2765	18	42	12	553	244	232	111	2793	0
3535	7	256	101	2797	222	245	157	2067	1
2973	2	0	0	2003	217	234	155	2697	0
3118	19	67	16	1092	183	207	160	379	0
2788	14	85	14	1048	213	209	129	3139	0
2825	16	342	110	475	191	253	196	2001	0
3254	24	175	19	3455	148	218	206	1832	1
3126	25	295	62	1236	230	181	69	201	0
2828	16	150	40	1324	204	206	136	2947	0
2986	10	30	6	2001	233	223	121	2792	0
2705	18	371	63	400	201	201	134	534	0
2965	15	85	0	1558	214	206	124	1401	0
2775	9	30	6	726	218	223	141	2908	0
3329	47	272	69	4646	245	139	0	2377	1
2899	14	192	48	1653	193	218	164	2564	0
3109	10	30	5	3997	193	233	180	1793	1
3081	6	339	44	2780	222	227	140	1448	0
2885	15	306	37	1587	223	207	115	2746	0
2846	9	591	20	810	229	222	125	1470	0
3065	7	212	17	2858	216	226	147	1588	0
3064	11	60	7	1622	217	216	133	887	0
3464	27	120	52	3194	142	239	230	1613	1
2886	13	430	75	1588	240	234	121	2831	0
2809	6	391	21	1006	229	229	134	1350	0
3109	1	630	55	2362	221	236	151	2230	0
3179	12	30	-4	1600	229	215	117	541	0
3416	30	85	41	3369	127	201	207	1484	1
3344	12	150	18	1296	240	227	115	1588	0
3149	13	134	7	1727	216	210	127	671	0
3197	16	0	0	4388	238	209	98	1931	1
3483	23	738	268	2393	239	189	70	1740	1
2745	9	0	0	811	216	222	141	2118	0
2831	12	150	20	1345	200	219	157	2912	0
2808	22	85	27	1230	179	253	206	1667	0
3461	28	240	110	3503	130	219	223	1295	1
3598	15	765	186	2760	211	206	128	1449	1
2712	31	162	88	592	174	251	196	1518	0
3077	13	272	39	666	242	224	109	1605	1
3108	7	335	40	2190	204	230	164	2296	0
3199	2	0	0	4190	219	236	152	1682	1
3658	22	726	246	2882	195	188	122	1289	1
2624	17	30	7	488	186	252	201	1365	0
2873	13	497	227	1110	186	244	198	1860	0
3143	22	446	1	2190	184	193	142	1315	0
2875	11	228	-7	1528	201	222	159	2850	0
2745	6	60	-5	1215	223	226	139	860	0
2807	16	134	26	1384	222	202	110	1226	0
3366	4	607	81	1820	226	234	144	1914	1
2937	18	655	291	1387	171	242	210	1976	0
3208	21	391	67	2343	197	190	124	1332	0
3627	29	1082	403	2538	218	165	63	1338	1
3091	8	180	-5	2207	230	226	130	2301	0
3109	1	192	28	1572	220	237	153	3034	0
3157	19	210	16	2405	242	234	114	1591	0
2951	13	551	0	2094	212	213	136	2860	0
2931	11	484	0	1978	211	216	141	2998	0
3132	13	150	-7	2469	241	232	116	1676	0
3055	11	457	-12	1974	192	243	191	2430	0
3392	22	243	74	3956	233	189	79	755	1
3117	9	365	36	1465	230	223	126	2812	0
3092	2	351	27	2462	217	241	161	2468	0
2711	23	277	127	1774	229	243	133	1316	0
3133	9	323	26	2143	235	237	133	2642	0
2730	26	240	-34	2046	198	173	99	842	0
2790	26	390	153	926	231	177	62	816	0
3117	7	379	1	2213	200	236	176	2630	0
3110	14	474	112	2708	212	209	132	2682	0
3024	15	579	-95	1734	178	229	190	1855	0
3159	11	228	-12	2886	235	218	115	1982	0
3129	13	108	11	2925	234	215	111	2076	0
3514	14	875	229	2467	244	222	104	1159	1
3014	19	618	-105	1725	164	236	211	1783	0
3149	3	210	40	1806	218	232	151	2596	0
3111	12	361	35	2698	225	213	120	2808	0
2919	12	175	46	1950	234	218	115	2210	0
3127	8	247	11	1976	202	241	179	2662	0
2842	11	201	7	1842	198	222	162	1694	0
2912	12	603	273	769	240	224	113	541	0
3148	6	255	36	1657	216	246	166	2451	0
3158	9	404	43	2912	224	220	130	2743	0
3171	22	183	81	1071	251	214	79	1159	1
3523	8	902	309	2619	235	229	126	1024	1
3197	16	295	63	3349	197	208	146	2550	0
2631	20	30	17	2384	161	222	200	1245	0
3439	6	745	154	2308	228	229	136	1380	1
2836	19	395	187	1092	229	197	93	663	0
3119	8	150	10	1476	198	243	184	2173	0
2963	21	600	94	2336	190	193	135	1872	0
2638	10	0	0	2529	223	217	128	1130	0
3024	17	270	-16	636	243	209	90	633	1
2969	18	273	10	497	244	207	87	484	1
2712	11	190	43	2670	230	217	119	800	0
2964	18	759	95	2340	211	197	117	1299	0
2889	18	510	171	2541	245	208	85	362	0
2854	9	446	182	1082	235	225	121	626	0
2848	15	335	50	2764	203	207	139	67	0
3045	21	977	176	2580	200	189	120	1353	0
3274	13	323	108	1556	238	218	108	1520	1
3189	11	134	5	785	200	222	161	1630	0
3208	14	108	10	3318	211	209	131	3363	0
2748	14	42	1	3009	230	210	110	800	0
2933	22	42	-12	526	240	193	73	458	1
3061	9	268	35	2101	231	241	142	1549	0
3227	7	300	10	360	232	233	133	1448	0
3027	15	1206	261	2809	223	205	112	1034	0
3282	13	256	49	1840	235	241	135	1595	1
3205	10	859	78	3183	233	240	138	2673	0
3206	3	0	0	2725	223	239	151	805	1
2961	18	120	10	616	234	201	94	607	1
3216	9	30	-2	2818	236	232	127	752	1
3059	13	1187	261	3025	218	210	125	1061	0
3272	13	134	15	3121	226	247	151	918	1
3055	9	210	-7	990	234	227	124	914	1
2798	4	553	68	2814	224	231	143	1774	0
3134	21	1065	124	3187	207	253	173	2213	0
3147	9	67	14	1504	224	220	129	1381	1
3370	10	475	102	3327	217	249	166	162	0
2935	13	516	156	3182	207	213	142	792	0
3173	16	360	34	2266	225	248	150	815	1
3039	9	30	0	1105	235	233	129	1057	1
2971	14	127	17	2312	229	245	144	1074	0
3112	5	228	31	1233	205	239	174	1401	0
3347	13	376	79	3409	216	251	167	272	0
3379	14	853	143	1050	181	232	191	2098	0
3037	18	1075	152	3178	230	245	139	1498	0
2927	19	510	132	3045	221	195	101	1008	0
2732	10	0	0	2234	193	241	188	484	0
3033	21	120	22	1048	228	191	88	1050	1
3192	10	120	-6	2337	239	232	124	984	1
3107	10	108	0	1991	227	245	149	560	1
2777	21	60	18	2419	156	230	212	371	0
2969	23	67	58	2431	220	183	87	847	0
3010	17	1026	165	2941	173	244	209	1326	0
3195	9	577	94	834	201	247	184	811	0
2543	8	309	40	930	228	223	128	1387	0
3069	26	417	2	1699	234	236	115	1409	1
3273	15	819	157	2430	245	226	106	2423	0
2961	11	560	31	2833	226	246	151	2311	0
3111	8	42	6	1854	233	227	126	395	1
3122	16	324	52	1825	211	253	173	752	1
3391	8	1006	134	1130	201	245	182	2051	0
3152	7	60	-7	1879	230	228	132	426	1
3260	14	810	144	2310	243	224	107	2457	0
3018	21	300	37	1830	236	240	125	1480	1
3233	19	228	84	3035	195	254	190	882	0
3251	13	391	49	2630	229	245	146	1253	0
2972	17	67	11	2506	171	227	195	780	0
2950	16	713	150	2613	229	246	143	1600	0
3223	9	372	50	825	198	243	185	277	0
3240	10	433	59	789	194	241	187	391	0
3385	9	793	178	1140	208	248	177	2132	0
3356	13	598	150	1465	223	249	156	1806	0
3193	8	201	19	990	204	246	180	95	0
2972	8	30	-1	2051	229	224	128	3278	0
3329	19	480	123	1805	214	252	164	1489	0
3215	4	201	13	2512	227	238	147	1348	0
3160	12	450	67	1894	233	215	112	3125	0
2956	40	492	35	2846	99	163	185	366	0
2563	7	60	5	1252	214	226	148	2424	0
3184	22	361	112	1307	211	186	102	212	1
2860	11	95	16	2222	220	248	161	2357	0
3298	8	330	3	1207	219	247	163	1201	0
3357	14	524	199	2505	212	252	172	872	0
3243	13	182	41	1170	213	251	171	569	0
3239	24	467	176	1087	196	183	115	433	1
3172	29	309	100	1090	188	165	98	624	1
3114	16	457	97	1638	215	204	122	3605	0
3056	6	484	59	2885	223	227	139	828	0
3123	9	350	-1	1803	194	236	181	785	0
2656	20	255	64	1505	193	194	133	2780	0
3290	8	247	49	1302	206	226	158	616	1
3295	23	495	96	3000	232	241	127	685	0
3315	17	560	101	1061	192	208	152	532	1
3140	5	0	0	1848	218	244	163	2005	0
2784	14	323	27	1836	242	231	115	2110	0
3132	15	124	0	2058	180	226	185	933	0
3388	12	604	106	1261	235	216	111	2707	0
3313	21	977	203	1440	158	236	217	2821	0
2997	14	480	102	1760	236	213	106	3166	0
3088	13	524	143	1557	209	213	139	3218	0
2925	27	210	55	2754	141	239	231	840	0
3224	8	540	148	907	223	223	134	1176	1
2835	16	0	0	2496	175	223	187	940	0
3104	7	323	0	2489	202	243	180	872	0
3252	13	721	142	1318	189	244	193	2724	0
3165	17	201	69	3032	215	252	166	993	0
3191	4	569	18	1794	213	233	158	335	0
3270	7	42	-1	1736	201	243	181	1355	0
3020	11	309	87	3132	204	250	182	1053	0
3111	15	30	0	2784	228	246	145	1242	0
3304	11	30	2	1466	225	247	153	1318	1
3271	9	319	16	1747	206	226	158	1176	0
3275	7	213	6	1777	207	230	161	1273	0
3294	10	60	12	1744	192	243	190	1530	0
3190	10	666	53	1999	194	229	175	573	0
3075	14	271	63	2177	211	253	173	1818	0
3061	16	752	-13	1476	218	204	117	2807	0
3047	27	234	26	2635	251	213	71	1477	0
3003	16	60	-3	2443	246	224	101	1613	0
3091	14	450	79	1991	205	253	181	1998	0
3049	15	61	-8	1530	216	251	165	2367	0
3226	12	731	89	2123	186	233	186	674	0
3322	14	488	94	1890	180	230	189	966	0
3341	13	170	33	1813	188	246	197	1853	0
3106	23	228	85	3064	208	252	166	1300	0
2871	8	541	92	1218	215	224	145	2663	0
3003	8	825	184	1140	220	223	138	2442	0
3328	20	816	100	2147	165	213	185	927	0
2883	16	95	11	1972	181	220	178	1897	0
3158	3	30	0	481	224	238	150	1415	1
3228	14	492	157	3308	208	212	139	1746	0
3280	13	430	5	2602	184	237	193	571	0
2881	10	134	2	1718	224	246	155	2397	0
3305	10	417	116	1209	212	219	143	1825	1
3270	10	351	-3	2697	197	247	189	532	0
2995	6	0	0	2746	229	231	136	1983	0
3380	13	366	88	2649	196	251	191	1110	0
3041	32	300	115	1996	114	207	224	1638	0
2999	6	30	0	2738	218	228	146	2069	0
3247	3	162	-2	2954	210	239	168	430	0
3425	15	466	56	2734	242	234	117	1724	0
3193	5	42	2	361	227	230	137	1950	1
3296	12	624	259	3756	239	223	111	2200	0
2881	32	108	59	2220	254	195	42	1617	0
3193	20	108	9	3006	221	249	153	313	0
3216	10	42	-2	513	231	221	123	2102	1
3358	19	418	57	2995	211	252	169	1368	0
2904	33	85	35	2130	253	195	41	1612	0
3379	11	247	44	3000	213	250	171	1892	0
3278	11	240	4	1021	220	215	128	2401	1
2964	12	404	29	2007	228	215	118	895	0
2958	8	300	148	1961	213	224	150	1116	0
3154	13	408	117	2118	204	252	183	983	0
3335	12	213	42	1195	213	214	136	2576	1
2984	7	451	63	1724	204	232	167	633	0
2982	9	573	0	1928	201	244	182	1082	0
3302	29	480	266	3959	252	209	62	2673	0
3329	12	417	48	1050	205	216	148	2589	1
3069	23	679	252	1932	161	247	220	752	0
3143	5	150	27	454	229	237	142	2256	1
3115	11	60	7	481	228	245	149	1986	1
3373	26	300	144	3829	234	236	115	3032	0
3183	12	182	20	2766	228	245	147	1060	0
3036	27	426	219	1678	165	252	213	547	0
3160	13	212	20	661	240	233	120	2271	1
3160	25	277	108	3165	153	201	183	3004	0
3293	10	331	47	3480	194	243	188	1812	0
3358	9	240	42	3722	201	247	184	1991	0
3213	11	757	69	2574	219	217	134	3256	0
3138	16	60	11	2405	208	253	176	872	0
3114	12	60	11	2207	218	250	164	711	0
3113	14	85	13	3705	181	232	191	3151	0
2817	6	86	3	1277	216	227	147	631	0
3234	11	661	84	2620	213	217	140	3371	0
3293	9	30	0	1549	235	237	132	3072	1
3322	21	30	6	3630	159	237	216	1765	0
3145	18	150	39	3805	186	206	157	3302	0
3069	17	319	44	1615	213	252	168	576	0
3119	20	120	35	2021	163	218	193	499	0
3181	5	91	9	2716	206	237	171	1215	0
3097	9	30	2	1668	214	220	141	3092	0
2885	16	323	72	1024	225	205	109	691	0
3233	20	153	35	2886	166	220	194	1302	0
3179	13	30	1	4250	212	214	136	3492	0
3095	21	721	54	1104	156	229	211	957	0
3380	14	361	73	3658	181	236	195	1698	0
3226	28	85	37	4260	150	184	165	3606	0
3308	5	0	0	4420	223	243	155	3883	0
3251	16	125	22	3228	188	251	199	1332	0
3149	9	417	33	1871	214	222	144	2700	0
3126	13	446	109	1583	216	210	128	2742	0
3107	10	594	92	1409	196	230	173	2260	0
3181	15	306	52	2167	211	205	127	2703	0
3060	14	30	11	808	223	209	117	1677	0
2994	16	86	16	324	194	210	152	759	1
3117	7	90	12	2058	201	234	173	726	0
3048	6	0	0	1638	204	238	173	216	0
3116	4	60	2	927	210	237	164	1722	1
3007	19	67	25	228	180	209	166	738	1
3188	15	497	62	2083	212	210	133	2556	0
3359	18	457	97	4460	222	249	153	2724	0
3076	15	191	27	552	245	225	106	1315	1
3079	6	648	20	372	230	236	139	1148	0
2974	19	363	154	488	222	196	101	743	0
3108	6	285	49	1718	214	228	151	624	0
3281	16	361	49	4492	224	248	153	2460	0
2902	25	234	79	408	196	178	108	426	0
3050	9	778	-7	162	223	247	157	1034	0
2975	11	475	151	366	229	218	121	524	0
3168	20	60	0	1376	243	235	111	2377	1
2932	24	234	99	874	180	255	201	735	0
3225	11	242	32	4133	228	245	147	2117	0
3206	33	300	39	2955	207	241	141	934	0
3137	16	576	91	240	240	210	95	1385	1
2964	17	268	60	1158	208	253	175	451	0
2892	17	150	45	920	186	252	201	211	0
3205	19	277	40	4025	165	233	207	2154	0
3180	4	243	53	2761	213	244	169	1032	0
3323	15	808	166	1103	234	242	135	1401	0
2924	10	120	58	1180	220	217	131	680	0
3158	16	421	120	360	245	221	100	1790	1
3341	1	404	112	1630	221	237	152	2915	1
3037	12	150	2	2654	189	246	195	1358	0
3295	17	212	37	1597	233	243	136	2854	1
3024	1	313	-9	2568	218	239	158	1438	0
2994	7	60	0	296	231	238	139	1776	0
3255	18	60	10	1557	231	244	137	2706	1
3024	30	212	43	108	154	175	149	1317	0
3042	11	361	137	2667	213	217	140	1599	0
2971	25	150	70	2479	184	254	195	1637	0
2960	13	42	-2	934	230	212	112	1395	0
2997	9	42	1	1116	227	222	128	1358	0
3047	20	616	277	895	163	227	204	1471	0
3140	17	553	61	1041	188	209	158	1544	0
3070	20	234	65	537	170	209	177	1800	0
3323	16	1158	402	3649	188	251	199	2524	0
3088	20	90	13	1024	205	193	119	1170	0
3155	14	240	38	484	243	229	112	1584	0
3049	20	150	12	1291	198	196	130	1410	0
3012	19	150	36	1507	205	197	123	1455	0
2959	10	376	-3	765	224	218	128	1706	0
3120	17	582	200	3127	189	252	199	2347	0
3048	31	404	235	1140	119	203	215	1245	0
3099	19	532	294	1144	167	223	194	1209	0
3147	12	983	381	1282	187	232	185	1271	0
3007	23	175	89	2589	208	182	101	2077	0
2864	22	228	50	2002	205	187	110	1489	0
3074	9	127	8	1463	212	222	147	1800	0
2930	13	120	47	570	184	238	194	1869	0
3093	28	469	185	2375	229	170	56	2100	0
3138	15	150	32	824	219	206	119	1983	0
3106	21	510	197	2312	213	190	105	2191	0
2947	6	285	70	691	219	228	145	1849	0
3152	12	285	82	2147	201	217	155	2026	0
3224	11	201	19	1510	208	219	147	1020	0
3237	9	591	34	1627	202	247	182	1260	0
3073	32	446	246	1380	115	204	220	1048	0
3182	26	537	41	150	139	214	211	2255	0
3223	10	765	182	1033	218	218	134	1966	0
3237	6	201	9	1592	218	226	144	1040	0
3234	18	607	158	902	201	200	133	2002	0
3215	9	295	13	1718	216	222	142	1364	0
3152	24	361	65	1598	167	194	160	2056	0
3008	41	366	171	1578	94	158	184	1003	0
3251	8	600	48	1867	211	225	151	997	0
3265	15	976	139	1747	181	224	183	702	0
3234	23	457	99	430	154	240	223	2429	0
3024	19	577	-34	1138	186	201	150	1986	0
2794	16	60	13	2016	192	253	196	1860	0
3303	19	908	175	1093	177	207	166	2308	0
3250	11	560	43	1758	215	215	136	2616	0
2863	11	0	0	2563	189	243	193	2244	0
2839	13	60	14	2455	186	225	178	2200	0
3203	23	190	7	1598	236	187	70	2343	0
2920	18	510	151	1771	241	205	88	2010	0
2862	18	120	5	2514	174	219	184	2268	0
2994	18	780	228	1667	213	198	115	2088	0
3048	12	60	11	2616	202	219	153	876	0
3266	15	515	59	1597	231	207	105	2778	0
3244	8	631	37	1626	228	224	129	2858	0
3193	20	598	266	1692	249	214	85	2868	0
3304	18	655	90	849	222	249	152	2681	0
3128	13	60	16	1620	194	217	161	2322	0
3292	11	361	78	914	229	245	145	2642	0
3240	12	162	29	1150	195	224	168	2550	0
2858	11	42	4	2696	210	217	144	2405	0
3183	18	67	3	1749	210	199	119	2300	0
2843	15	90	21	2588	177	240	202	2244	0
2869	12	30	7	2845	199	220	159	2313	0
3223	20	811	131	408	208	253	171	2754	0
3261	19	485	47	726	230	245	138	2533	0
3039	27	301	103	1602	245	181	47	2608	0
3066	23	420	41	2255	238	189	70	1836	0
3235	6	552	28	1065	227	241	148	2333	0
3143	10	616	50	190	220	248	161	2605	0
3263	13	277	56	2101	241	232	118	1931	0
3340	16	350	103	2185	246	219	97	2044	0
2898	10	201	41	2938	195	229	173	1926	0
2994	15	60	11	3483	175	234	199	1854	0
3285	9	569	134	3111	206	225	158	793	0
3002	5	467	40	1521	225	230	140	2264	0
3038	15	30	-4	2641	238	212	102	1342	0
3053	12	124	-5	3701	188	230	181	1718	0
3221	14	30	1	2460	222	210	119	1584	0
3078	13	420	37	969	230	213	114	1773	0
2971	5	150	1	1440	213	230	155	2086	0
3017	23	446	110	3328	162	201	174	1530	0
3122	18	218	53	3780	217	197	110	2081	0
3256	16	722	37	3568	178	224	185	1233	0
3190	13	400	72	2860	209	212	138	960	0
3163	17	466	107	3758	187	209	159	1825	0
3305	19	589	21	3001	230	196	91	1062	0
3179	20	516	120	3144	239	199	82	691	0
3285	17	700	184	3157	202	204	137	716	0
3311	13	636	199	3246	211	211	134	642	0
3038	10	85	-1	3448	227	218	124	642	0
3029	10	30	8	3482	217	219	136	700	0
3193	16	192	38	4013	174	243	207	1426	0
3015	13	60	11	722	241	223	109	1211	0
3142	17	192	18	3671	247	224	100	192	0
3248	19	85	14	4403	181	205	159	1383	0
3178	17	192	16	3949	246	222	100	524	0
3166	4	42	1	4078	224	231	143	511	0
3164	12	124	11	4124	195	222	166	342	0
3213	14	67	10	4315	200	215	152	495	0
3290	17	513	38	4512	189	207	154	916	0
3185	3	124	4	4352	225	237	148	979	0
3185	9	127	7	4437	195	233	177	793	0
3272	11	60	10	4650	194	227	173	836	0
3276	10	446	96	4726	192	242	189	983	0
2845	32	594	75	4220	239	221	84	1664	0
2815	32	180	5	2512	187	247	173	1591	0
2871	28	295	76	2123	183	253	191	1516	0
2655	8	150	27	3312	233	229	129	2389	0
2583	12	95	13	2934	220	213	126	2543	0
2725	16	60	-9	860	225	248	150	642	0
2616	27	240	-118	870	197	252	175	850	0
2572	9	150	17	2412	206	223	155	2476	0
2582	20	85	20	2126	185	199	149	2269	0
2628	30	335	199	323	198	248	166	850	0
2570	16	190	93	1194	213	204	125	1530	0
2605	13	255	7	1684	211	212	135	2006	0
2682	24	371	120	2010	199	182	111	2240	0
2568	11	60	9	960	232	242	141	1590	0
2645	30	30	19	2401	137	184	176	2240	0
2726	24	95	11	1786	238	185	63	1951	0
2629	13	247	4	1142	220	211	123	1650	0
2708	17	85	12	1786	231	202	97	1328	0
2865	11	30	-5	3507	235	240	134	2118	0
2967	18	497	162	2830	230	199	97	1495	0
2696	8	210	0	1668	234	233	131	1233	0
2847	17	85	0	3520	246	218	96	2006	0
2936	15	342	131	2845	243	232	115	1189	0
2799	6	258	81	2334	226	242	149	658	0
2783	20	212	50	3006	248	207	80	1368	0
2788	23	309	55	3022	253	211	74	1406	0
2651	6	30	3	1804	221	227	141	277	0
2605	13	190	-1	1530	233	214	111	484	0
2599	8	213	79	1124	229	223	127	666	0
